R2,MAE,RMSE,MAPE (%),Explained Variance
0.9635853769242348,0.030083071205652002,0.0033008502794528937,7.5787270786809,0.963609077571975
